Projeto ID,Título do Projeto,Tipo do projeto,Início da Execução,Término da Execução,Área do Conhecimento,Área Temática,Resumo
https://suap.iff.edu.br/sisep/projeto/1465/,CARACTERIZAÇÃO FÍSICO-QUÍMICA DE PREPARADOS SÓLIDOS PARA REFRESCOS E CHÁS,Pesquisa,01/09/2022,31/08/2023,QUÍMICA (CIÊNCIAS EXATAS E DA TERRA),Tecnologia e Produção,"Esta pesquisa objetiva avaliar as características físico-químicas de preparados artificiais em pó de sucos e chás disponíveis comercialmente. Para os sucos, serão analisados 4 sabores (laranja, limão, maracujá, uva), de 4 marcas comerciais, distribuídos em 4 grupos (S-I, S-II, S-III, S-IV). Para os chás serão analisados 4 sabores (erva doce, erva cidreira, hortelã e camomila), de 4 marcas comerciais, distribuídos em 4 grupos (C-I, C-II, C-III, C-IV). Para a mensuração do pH inicial será utilizado um potenciômetro e eletrodo combinado de vidro. Para a verificação da acidez titulável serão coletados 10 ml de cada sabor e titulados com solução de NaOH 1 M, até alcançar o pH 7,0. As análises de turbidez serão feitas utilizando-se turbidímetro. Para a verificação da condutividade será utilizado condutivímetro. Os resultados das análises físico-químicas serão submetidos à Análise de Variância (ANOVA). As comparações das médias serão realizados pelo teste Tukey em um nível de 5% de significância (p<0,05).  "
https://suap.iff.edu.br/sisep/projeto/1439/,CAUSAS DAS PERDAS DE ACESSOS VENOSOS PERIFÉRICOS EM ADULTOS HOSPITALIZADOS,Pesquisa,01/09/2022,31/08/2023,ENFERMAGEM (CIÊNCIAS DA SAÚDE),Saúde,"O cuidado prestado a indivíduos em situação de internação hospitalar inclui diversos procedimentos invasivos, dentre os quais destaca-se a terapia intravenosa. Objetivo: identificar as causas das perdas de acessos venosos periféricos de pacientes hospitalizados. Metodologia: Trata-se de pesquisa quantitativa retrospectiva documental. O estudo será desenvolvido pelo Instituto Federal Fluminense campus Campos Guarus. Os dados serão coletados no Hospital Ferreira Machado através da leitura dos prontuários de pacientes que estiveram internados no setor de clínica médica ao longo do ano de 2021. A amostra será composta por todos os registros de enfermagem nos quais conste a utilização da terapia intravenosa por meio de cateter venoso periférico com agulha de punção em aço inoxidável com câmara de refluxo em plástico. Serão excluídos os registros que apresentarem informações ilegíveis. Os dados serão digitados no Excel e, posteriormente exportados para o Statistical Package for the Social Sciences (SPSS), versão 20.0 onde serão realizadas as análises descritivas das variáveis. O projeto será submetido ao comitê de ética e pesquisa ao qual será solicitada a isenção do Termo de Consentimento Livre e Esclarecido.  Espera-se que ao final desse estudo seja possível identificar as causas das perdas de acessos venosos periféricos de pacientes hospitalizados. Acredita-se que o desenvolvimento das atividades deste projeto promoverá interação entre conteúdos teóricos e práticos, contribuindo assim com a articulação do processo ensino-pesquisa."
https://suap.iff.edu.br/sisep/projeto/1112/,"IX Congresso de Ensino, Pesquisa e Extensão do Instituto Federal Fluminense Campus Campos Guarus (CONEPE 2022)",Extensão,01/04/2022,31/12/2022,INTERDISCIPLINAR (MULTIDISCIPLINAR),Comunicação,"           O presente projeto propõe a organização da IX edição do Congresso de Ensino, Pesquisa e Extensão do IFF Campus Campos Guarus (CONEPE 2022) em sua primeira edição semipresencial (híbrido). O CONEPE 2022 tem como objetivo geral promover um espaço de discussão e divulgação de trabalhos acadêmicos oriundos das atividades de pesquisa e extensão, entendidos na sua indissociabilidade. Em sua primeira edição híbrida, o CONEPE pretende promover atividades utilizando tanto os espaços do campus, como as ferramentas online utilizadas nas edições de 2020 e 2021."
https://suap.iff.edu.br/sisep/projeto/1230/,Educação Patrimonial no Centro de Memória do Campus Campos-Guarus,Centro de Memória,01/04/2022,31/12/2022,INTERDISCIPLINAR (MULTIDISCIPLINAR),Cultura,"A proposta visa à implementação de ações de Educação Patrimonial do Centro de Memória do Campus Campos-Guarus através do desenvolvimento de ações extensionistas relacionadas ao patrimônio cultural e histórico da cidade de Campos dos Goytacazes e da Região Norte e Noroeste Fluminense.
  A partir da mobilização de docentes, técnicos e estudantes potencialmente relacionados às áreas de Licenciatura em Geografia, Licenciatura em Música, Engenharia Ambiental, Arquitetura e Urbanismo, Sistemas de Informação e Design Gráfico e cursos Técnicos Integrados ao Ensino Médio, as atividades se desenvolvem em dois núcleos:
(1) apropriação significativa do patrimônio cultural e histórico das Regiões Norte e Noroeste e
(2) experiências educativas com repositórios arquivísticos digitais e físicos.
  As principais ações propostas são: visitações; oficinas; ciclo de palestras e seminários; digitalização de documentos e criação de repositório arquivístico; produção de material didático. As ações estão pautadas pela abordagem interdisciplinar que articula a concepção de educação patrimonial como um processo de mediação que supere a visão ""monumentalizadora"" do patrimônio cultural, reconhecendo-o como um campo de conflito e buscando a inserção significativa dos bens culturais nos espaços de vida das pessoas e dos grupos de pertencimento social. Por um lado, objetiva-se a valorização da referência ao território como espaço educativo e, por outro, a promoção do patrimônio cultural no âmbito da educação formal.
  O público participante pretendido será, preferencialmente: estudantes e educadores da rede pública de educação básica; estudantes de cursos de licenciatura de ciências humanas e sociais."
https://suap.iff.edu.br/sisep/projeto/1206/,Música no Interior: mapeamento sonoro de expressões culturais do Norte e Noroeste Fluminense.,Projeto Cultural,01/04/2022,31/12/2022,"ARTES (LINGUÍSTICA, LETRAS E ARTES)",Cultura,"Essa proposta de projeto é resultante do trabalho que tem sido desenvolvido pelo curso de Licenciatura em Música do campus Campos Guarus em parceria com o Grupo de Estudos e Práticas Musicais (GEPMU) da UENF, reunindo pesquisadores cujo foco de investigação são as sonoridades do interior do estado do Rio de Janeiro. No entanto, para além de todo esforço concentrado na busca de tornar presente, o samba rural, o fado de Quissamã, o Jongo, a Mana-Chica do Caboio, as Folias de Reis, os Bois Pintadinhos, dentre tantas outras expressões culturais que se constituem em práticas atuais dos habitantes dessas regiões, a ação de conjugar a preservação dessas culturas, herança ancestral, e, patrimônio cultural de resistência, ainda é desafiadora. Nesse sentido, esse projeto tem como objetivo dar continuidade às pesquisas e ações desenvolvidas por professores do curso de licenciatura em música junto ao GEPMU, coadunado com o compromisso inerente à missão desta instituição que, para além da função central de investigação e de formação científica específica de novas gerações; preparação para a carreira acadêmica e a formação geral, tem como atribuição a criação de uma consciência cultural própria num processo de formação intelectual crítica.
Portanto, a construção de uma consciência cultural só é possível a partir do encontro e reconhecimento da sua história cultural, a qual exige olhares e escuta voltados, não apenas para a aceitação e o reconhecimento da existência de nossas tradições, mas, principalmente, para o desmantelamento, as infrações, os desencaminhamentos e transformações impostas à tradição, decorrente de uma ideologia nacional submetida à mentalidade dos nossos colonizadores. Assim, é premente a ação desta instituição na recuperação dessa consciência cultural crítica, capaz de reconhecer tais distorções, promovendo a ressignificação de uma cultura autêntica e nacional."
https://suap.iff.edu.br/sisep/projeto/1091/,Geração distribuída por energia solar fotovoltaica: na busca pela sustentabilidade econômica e ambiental em unidades agroindustriais no município de São Francisco do Itabapoana/ RJ,Extensão,01/04/2022,31/12/2022,ENGENHARIA AMBIENTAL (ENGENHARIAS),Meio Ambiente,"Com o crescimento populacional mundial, a demanda por alimentos se torna imprescindível. Todavia, observando somente o Brasil, a agricultura e a agropecuária são responsáveis por metade das emissões de Gases de efeito estufa (GEE), contribuindo com as mudanças climáticas globais. Paralelamente a isso, esses setores vêm ampliando o uso de energia elétrica em meio as sucessivas crises energéticas, o que aumenta o custo dos seus produtos. Então, é importante que esses setores busquem processos mais sustentáveis. Nesse sentido, o Instituto de Integração e Cooperação Parceira do Agronegócio Ecológico Sustentável (ICOOPAGROECOS ou simplesmente ICOOP) entrou em contato com Instituto Federal Fluminense campus Campos-Guarus (IFF campus Campos-Guarus) no intuito de buscar parcerias para soluções sustentáveis. Assim, o objetivo do projeto de extensão é  elaborar dois projetos preliminares para implementação de sistemas de geração distribuída (GD) por meio da energia solar fotovoltaica (ESFV) tendo como fonte a energia solar para atendimento da demanda de futuras unidades agroindustriais. Para cumprimento do objetivo, a metodologia proposta contará com dois eixos de atuação: a consultoria para implantação dos sistemas de GD e a difusão do conhecimento sobre o tema junto aos membros do Instituto. Por fim, espera-se que os projetos preliminares para implantação dos sistemas de GD contribuam para o fortalecimento do tríade ensino, pesquisa e extensão do IFF e o ICOOPAGROECOS possa ao menos cumprir quatro dos 17 Objetivos para o Desenvolvimento Sustentável (ODS) propostos pela Organização da Nações Unidas (ONU)."
https://suap.iff.edu.br/sisep/projeto/1175/,Minha Chance: App de Oportunidades do IFF,Extensão,01/04/2022,31/12/2022,CIÊNCIA DA COMPUTAÇÃO (CIÊNCIAS EXATAS E DA TERRA),"O presente projeto tem o objetivo de desenvolver um aplicativo mobile que auxilie no processo de divulgação de oportunidades de emprego, estágio e/ou atuação em projetos. Para viabilizar o desenvolvimento e a manutenção no tempo do projeto por estudantes e profissionais de diferentes áreas, será adotada a tecnologia Low Code, que permite a criação de aplicativos complexos com pouca codificação.
 ",
https://suap.iff.edu.br/sisep/projeto/1227/,Rádio IFF Educativa,Extensão,01/04/2022,31/12/2022,CIÊNCIA DA INFORMAÇÃO (CIÊNCIAS SOCIAIS APLICADAS),Comunicação,"          Rádio IFF Educativa é um projeto que se desenvolveu dentro de um ambiente escolar, isso se deu dentro do Instituto Federal Fluminense, exatamente no Campus Campos-Guarus. Esse projeto tem sido desenvolvido envolvendo alunos do ensino médio e alunos da Licenciatura. Porém, a adequação desse projeto nesse período de pandemia se deu a partir das ferramentas disponíveis no formato Homework, fornecendo assim de maneira remota, toda condição e aparato tecnológico para o justo funcionamento da plataforma digital streaming de Rádio Web. A sua configuração Educativa e em conexão com as redes sociais, proveu para o ouvinte toda inteiração e aprendizado e entretenimento, e abraçou também os professores e profissionais da região lhes dando condições e oportunidades de apresentarem suas contribuições via palestras, Aulas virtuais (AulaCast), e disponibilizando esse conteúdo em posterior via redes sociais (YouTube). Uma excelente oportunidade que se apresentou como uma das ferramentas visando contribuir com a sociedade nesses dias tão desafiadores."
https://suap.iff.edu.br/sisep/projeto/1129/,Ambulatório de enfermagem para Monitoramento e Atualização da Caderneta da Criança na área de abrangência do Campus Campos-Guarus,Extensão,01/04/2022,31/12/2022,ENFERMAGEM (CIÊNCIAS DA SAÚDE),Saúde,"A puericultura representa a faixa etária de 0 a 2 anos, quando a criança então deve ser acompanhada mensalmente  através de suas consultas e grupos, garantindo um acompanhamento capaz de favorecer um melhor crescimento e desenvolvimento das crianças, assim como a prevenção de muitos agravos e de doenças, além de ter a possibilidade de realizar alguns diagnósticos, evitando o surgimento de doenças e agravos (capazes de interferir negativamente no crescimento e desenvolvimento dos menores). Durante o acompanhamento e a inspeção dos cartões vacinais, será permitido que os mesmos sejam atualizados. A caderneta de vacina da criança é um passaporte, documento móvel, que se corretamente preenchido, poderá ser usado em qualquer unidade de saúde do país, identificando os dados relacionados ao seu crescimento e desenvolvimento e intercorrências no seu estado de saúde. O presente projeto tem como missão fazer a avaliação de crescimento ( medidas antropométricas) e desenvolvimento Neuro-psico-motor (DNPM) oferecendo esse tipo de serviço para a comunidade intra escolar( filhos de servidores) e  comunidade adscrita no território de abrangência do IFF Campos – Campus Guarus .O ambulatório será também um  espaço de aprendizagem para os alunos do curso técnico de enfermagem, nas disciplinas de saúde pública e saúde da criança.
 "
https://suap.iff.edu.br/sisep/projeto/1191/,Zara,Extensão,01/04/2022,31/12/2022,EDUCAÇÃO (CIÊNCIAS HUMANAS),Meio Ambiente,"O projeto de extensão Zara visa integrar a educação ambiental à produção de alimentos, promovendo a conscientização sobre a importância da agricultura sustentável. Além disso, propicia a construção de um espaço de convivência que possibilita o bem-estar e a troca de conhecimentos entre estudantes, servidores, prestadores de serviços terceirizados e membros da comunidade externa. Apresenta-se como uma proposta de trabalho interdisciplinar através de gestão de uma horta e um pomar em espaços, inicialmente ociosos, do Campus Campos Guarus. Inicialmente, de acordo com a minha área de atuação no Campus (Administradora) e sem conhecimentos técnicos, o objetivo era apenas aproveitar estes espaços ociosos e criar áreas que gerassem bem-estar. A medida que o projeto foi crescendo e os conhecimentos sendo adquiridos, o projeto ampliou-se, como veremos abaixo. Anteriormente intitulado como “Educando com a horta”, o projeto está em desenvolvimento há 9 anos, quando iniciou com uma horta e logo após com um pomar. Segundo Teixeira (1983), o cultivo de hortas pode ser um valioso instrumento educativo, gerando experiências de aprendizagem significativas."
https://suap.iff.edu.br/sisep/projeto/1144/,Conjunto de Música Popular Instrumental Criativa e Autoral da Licenciatura em Música do IFF/Guarus,Projeto Cultural,01/04/2022,31/12/2022,"ARTES (LINGUÍSTICA, LETRAS E ARTES)",Cultura,"            O presente projeto visa dar sequencia a um Conjunto de Música Popular Instrumental Criativa e Autoral, formado por um professor e seis alunos voluntários instrumentistas especialistas em seus instrumentos. Buscando interpretar um repertório principalmente autoral dos professores e alunos da comunidade acadêmica, e também de membros da comunidade circundante, o presente projeto tem como objetivo desenvolver e fomentar a criação artístico-musical no curso, campus e região. Como objetivo secundário, pretendemos igualmente divulgar o trabalho realizado dentro da Licenciatura em Música do Instituto Federal Fluminense, através de vídeos e áudios lançados na internet.
Observação: O presente projeto é destinado somente a alunos da Licenciatura em Música do Campus Campos Guarus."
https://suap.iff.edu.br/sisep/projeto/1265/,Projeto Vitalidade,Extensão,01/04/2022,31/12/2022,SAÚDE COLETIVA (CIÊNCIAS DA SAÚDE),Saúde,"A longevidade da população observada nas últimas décadas trouxe novos desafios para a sociedade. Nesse contexto, o Projeto Vitalidade vem sendo desenvolvido desde 2010 no Instituto Federal Fluminense campus Campos Guarus, visando melhorar a capacidade funcional, a autonomia e a inserção social dos participantes (indivíduos acima de 60 anos), além de promover a integração campus/ comunidade e propiciar projetos de pesquisa. Antes da pandemia iniciada em 2020, os idosos cadastrados eram acolhidos por alunos do Técnico em Enfermagem semanalmente no campus Campos Guarus, onde realizavam aferição de pressão arterial, assistiam a palestras ou oficinas em diversas áreas do conhecimento e realizavam atividades físico-recreativas (sob supervisão da professora de Educação Física do campus e estagiários do curso de Educação Física do IFF campus Campos Centro). Durante o período de pandemia, os encontros semanais continuaram acontecendo de forma remota através do uso de aplicativos, como Whatssapp e Google Meet. Durante esse período, o Projeto tem contribuído ativamente para divulgação de conhecimentos atuais importantes, como o processo de vacinação para COVID-19, e tem promovido momentos de aprendizagem e descontração com os participantes, auxiliando de forma valiosa como paliativo para os efeitos adversos do isolamento social e contribuindo para a saúde e o bem-estar da população idosa. Desse modo, o projeto continua auxiliando na melhoria da qualidade de vida dos idosos e se apresenta como excelente local de educação, pesquisa e interação entre o IFF e a comunidade externa."
https://suap.iff.edu.br/sisep/projeto/1254/,PROJETO CAPIVARA: ARBORIZAÇÃO E EDUCAÇÃO AMBIENTAL NO ASILO DO CARMO E NO COLÉGIO ESTADUAL ALCEBÍADES SCHWARTZ,Extensão,01/04/2022,31/12/2022,INTERDISCIPLINAR (MULTIDISCIPLINAR),Meio Ambiente,"O Projeto Capivara, criado em 2014 por estudantes do curso técnico Proeja em Meio Ambiente do IFFluminense campus Campos-Guarus, tem o objetivo de promover ações de educação ambiental e recuperação de áreas degradadas na bacia hidrográfica do baixo Paraíba do Sul, localizada no Norte do estado do Rio de Janeiro. Trata-se de uma região com pouca cobertura florestal e alto nível de degradação ambiental. Nas áreas interioranas é notório o descumprimento do Novo Código Florestal brasileiro (Lei 12.651 de 2012) que regulamenta as Áreas de Preservação Permanente. Para o ano de 2022 o Projeto Capivara tem o objetivo de dar continuidade as ações de revegetação e realizar ações de educação ambiental, através de palestras, caminhadas guiadas e práticas de propagação de arvores nativas. Neste ciclo o foco central é fortalecer a parceria com o Asilo do Carmo, onde um bosque com árvores nativas e fruteiras está sendo implementado, e a concretização da parceria com o Colégio Estadual Alcebíades Schwartz. Ações com os estudantes do IFFluminense do campus Campos-Guarus também estão previstas. As ações programadas estão alinhadas com os 17 Objetivos de Desenvolvimento Sustentável da ONU, principalmente com os itens: II, III, IV, VI, XI, XII, XIII, XV, XVI e XVII. Outra meta é ampliar e fortalecer cooperações com outras instituições ou projetos alinhados com a prática do Desenvolvimento Sustentável. A metodologia empregada incluirá a seleção de áreas potenciais para o plantio de árvores nativas e posterior elaboração de um Plano de Recuperação de Áreas Degradadas (PRAD). As plantas utilizadas serão produzidas no Viveiro Capivara do IFFluminense campus Campos-Guarus com inserção dos alunos do ensino médio nesta atividade. A prática da educação ambiental será realizada com palestras e dias de campo e “lives” em parceria com a Rádio IFF Educativa. As “lives” serão organizadas para discutir a Sustentabilidade Ambiental, dentro dos princípios norteadores da ONU.  Atualmente o Projeto Capivara é parceiro do: Lions Club Campos, Rotary Club, 56º Batalhão de Infantaria, Orquestrando a Vida, Empresa Águas do Paraíba, Instituto Selva, Fazenda São Domingos, ONG Ecoanzol, Grupo de Escoteiros de São João da Barra. Espera-se que estas ações promovam a conscientização e sensibilização do público atingido."
https://suap.iff.edu.br/sisep/projeto/1193/,Análise do perfil de egressos do curso de bacharelado em Engenharia Ambiental do Instituto Federal Fluminense campus Campos Guarus.,Pesquisa,14/03/2022,31/12/2022,ENSINO (MULTIDISCIPLINAR),Educação,"  A realização do acompanhamento dos egressos da IES é de fundamental importância para seu desenvolvimento estratégico, pois revela suas potencialidades e limitações, sendo assim possível aprimorar a estrutura político-pedagógica e a gestão da instituição, fortalecer a missão institucional e melhorar a qualidade dos serviços ofertados. O presente projeto tem como objetivo a realização da pesquisa de egressos do curso de Engenharia Ambiental do Instituto Federal Fluminense Campus Campos Guarus e a montagem de um repositório unificado de informações, de forma a viabilizar análises e levantamentos sobre a relação dos egressos com o mundo do trabalho e com a sociedade. Na primeira fase do projeto (ano 2021) foi realizada criteriosa revisão de literatura e estudo de casos exitosos. A partir desse aprofundamento foi elaborado um questionário, que passou pela etapa de validação. Atualmente, o projeto está em apreciação do Comitê de Ética em Pesquisa para posterior coleta e análise de dados primários. Pretende-se com os resultados contribuir com a discussão acerca da formação do engenheiro ambiental, e a importância de avaliações contínuas no currículo de formação deste profissional. A partir do diagnóstico do perfil do egresso do curso de Engenharia Ambiental do IFF, pretende-se propor melhorias e reformulações em estratégias formativas, aplicável a qualquer curso no país. Espera-se que a partir dessa pesquisa, Instituições de Ensino Superior possam replicar a proposta apresentada de forma a contribuir não apenas para a formação profissional, mas para o desenvolvimento sustentável do nosso planeta."
https://suap.iff.edu.br/sisep/projeto/1173/,Meu Estágio: App de Gestão de Portfólios de Estágio,Pesquisa,14/03/2022,31/12/2022,CIÊNCIA DA COMPUTAÇÃO (CIÊNCIAS EXATAS E DA TERRA),"O presente projeto tem o objetivo de desenvolver um aplicativo mobile que auxilie no processo de divulgação de oportunidades de emprego, estágio e/ou atuação em projetos, bem como na documentação e acompanhamento de estágios do IFFluminense campus Campos Guarus. Para viabilizar o desenvolvimento e a manutenção no tempo do projeto por estudantes e profissionais de diferentes áreas, será adotada a tecnologia Low Code, que permite a criação de aplicativos complexos com pouca codificação.",
https://suap.iff.edu.br/sisep/projeto/1218/,AVALIAÇÃO DAS PROPRIEDADES FÍSICAS E MECÂNICAS DOS PRODUTOS DE CERÂMICA VERMELHA DE CAMPOS DOS GOYTACAZES,Pesquisa,14/03/2022,31/12/2022,ENGENHARIA DE MATERIAIS E METALÚRGICA (ENGENHARIAS),Tecnologia e Produção,"No geral, os materiais cerâmicos são divididos em avançados e tradicionais, sendo que dentro deste último tem-se as ""cerâmicas vermelhas"" cuja definição possui um significado amplo, compreendendo aqueles materiais empregados na construção civil (argila expandida, tijolos, blocos, elementos vazados, lajes, telhas e tubos cerâmicos) e alguns de uso doméstico e afins.  Esses produtos, por sua vez, são obtidos em empresas denominadas cerâmicas. A região de Campos dos Goytacazes/RJ é um dos principais polos de produção desses produtos no Brasil. O principal objetivo desse trabalho é avaliar as propriedades físicas e mecânicas dos produtos oriundos das empresas cerâmicas da região.  Para tal serão realizados ensaios de absorção de água, densidade aparente e tensão de ruptura à flexão. Com isso, pretende-se verificar se os produtos estão em conformidade com as normas técnicas e propor melhorias que possam contribuir para a qualidade desses produtos. Para a realização dos ensaios supracitado, este trabalho apoia-se na infraestrutura do Laboratório de Propriedades Mecânicas do IFF-Guarus em colaboração com o  grupo do Professor Carlos Maurício Fontes Vieira do Laboratório de Materiais Avançados da UENF e a cerâmica Sardinha localizada na baixada Campista.  "
https://suap.iff.edu.br/sisep/projeto/1139/,Nível de Conhecimento e Atitudes Demonstradas Por Portadores de Diabetes Tipo II: Estudo do Perfil dos Idosos Atendidos no IFF Campus Campos Guarús,Pesquisa,14/03/2022,31/12/2022,ENFERMAGEM (CIÊNCIAS DA SAÚDE),Saúde,"O aumento da expectativa de vida do brasileiro é uma conquista que traz consigo alguns desafios, tais como elevação da incidência e da prevalência das doenças crônicas não transmissíveis, entre elas a diabetes mellitus (DM). Sendo assim, este projeto busca identificar o perfil dos idosos portadores de diabetes mellitus tipo II atendidos no IFF Campus Campos Guarús/RJ, segundo suas variáveis clínicas e sócio-demográficas e de acordo com o nível de conhecimento e atitudes apresentados pelos mesmos em relação à doença. Métodos: O projeto será desenvolvido nas dependências do instituto, tendo como público alvo todos os idosos com diagnóstico de diabetes mellitus cadastrados nos projetos Vitalidade e Sistematização da Assistência de Enfermagem em Gerontologia do IFF Campus Campos Guarús. Os dados serão coletados através da aplicação de questionários contendo variáveis sócio demográficas e clínicas, além das versões brasileiras do Diabetes Knowledge Questionnaire (DKN-A) e do Diabetes Attitude Questionnaire (ATT-19). Os dados serão digitados no Excel e posteriormente exportados para o Statistical Package for the Social Sciences (SPSS), onde serão realizadas as análises descritivas das variáveis. Todos os participantes que aceitarem participar da pesquisa deverão ler e assinar o Termo de Consentimento Livre e Esclarecido, conforme a Resolução 466/12 do Conselho Nacional de Saúde. O projeto será submetido ao comitê de ética e pesquisa. Espera-se que esse estudo contribua para o reconhecimento da importância da avaliação do indivíduo com diabetes mellitus no tocante a variáveis biológicas e psicossociais, que podem interferir no manejo da doença pelo indivíduo ou na capacidade da família de colaborar com o cuidado em diabetes."
https://suap.iff.edu.br/sisep/projeto/1176/,PERCEPÇÕES E SIGNIFICADOS DAS PRÁTICAS CORPORAIS NO DESENVOLVIMENTO DE CRIANÇAS E ADOLESCENTES ATENDIDOS NO CENTRO DE ATENÇÃO PSICOSSOCIAL INFANTO-JUVENIL (CAPSI),Pesquisa,14/03/2022,31/12/2022,EDUCAÇÃO (CIÊNCIAS HUMANAS),Saúde,"A presente pesquisa está vinculada ao Projeto de extensão “Movi Mente: Saúde e Inclusão em foco” do Instituto Federal Fluminense campus Campos Guarus. Sua proposta pretende investigar a intervenção da Educação Física, através de estímulos às práticas corporais, junto a crianças e adolescentes com transtornos mentais atendidos pelo Centro de Atenção Psicossocial Infanto-juvenil (CAPSi) em Campos dos Goytacazes/RJ. O estudo foi aprovado pelo Comitê de Ética em Pesquisa - CEP da Fundação Cultural de Campos - Centro Universitário Fluminense - UNIFLU sob o número 47746921.6.0000.5583. O principal objetivo da investigação é analisar as percepções e significados das práticas corporais no desenvolvimento dos usuários do CAPSi, identificando aspectos de promoção à saúde integral. A abordagem da pesquisa será de cunho qualitativo, através de um estudo de caso com observação participante, análise documental, entrevistas semiestruturadas com os familiares das crianças e adolescentes e grupo focal com os profissionais do CAPSi que estarão acompanhando os participantes da intervenção. Os resultados do estudo poderão identificar apontamentos sobre os estímulos e vivências das crianças e adolescentes na perspectiva do cuidado e o significado das práticas corporais na promoção à saúde integral. Além disso, a pesquisa poderá contribuir na formação profissional do professor de Educação Física considerando sua intervenção no campo da saúde pública."
https://suap.iff.edu.br/sisep/projeto/1218/,AVALIAÇÃO DAS PROPRIEDADES FÍSICAS E MECÂNICAS DOS PRODUTOS DE CERÂMICA VERMELHA DE CAMPOS DOS GOYTACAZES,Pesquisa,14/03/2022,31/12/2022,ENGENHARIA DE MATERIAIS E METALÚRGICA (ENGENHARIAS),Tecnologia e Produção,"No geral, os materiais cerâmicos são divididos em avançados e tradicionais, sendo que dentro deste último tem-se as ""cerâmicas vermelhas"" cuja definição possui um significado amplo, compreendendo aqueles materiais empregados na construção civil (argila expandida, tijolos, blocos, elementos vazados, lajes, telhas e tubos cerâmicos) e alguns de uso doméstico e afins.  Esses produtos, por sua vez, são obtidos em empresas denominadas cerâmicas. A região de Campos dos Goytacazes/RJ é um dos principais polos de produção desses produtos no Brasil. O principal objetivo desse trabalho é avaliar as propriedades físicas e mecânicas dos produtos oriundos das empresas cerâmicas da região.  Para tal serão realizados ensaios de absorção de água, densidade aparente e tensão de ruptura à flexão. Com isso, pretende-se verificar se os produtos estão em conformidade com as normas técnicas e propor melhorias que possam contribuir para a qualidade desses produtos. Para a realização dos ensaios supracitado, este trabalho apoia-se na infraestrutura do Laboratório de Propriedades Mecânicas do IFF-Guarus em colaboração com o  grupo do Professor Carlos Maurício Fontes Vieira do Laboratório de Materiais Avançados da UENF e a cerâmica Sardinha localizada na baixada Campista.  "
https://suap.iff.edu.br/sisep/projeto/1196/,Padrões de sono em população exposta a resíduos industriais em condomínio habitacional de Volta Redonda - RJ,Pesquisa,14/03/2022,31/12/2022,SAÚDE COLETIVA (CIÊNCIAS DA SAÚDE),Meio Ambiente,"As sociedades modernas vivem um processo acelerado de degradação ambiental, trazendo consequências significativas para a população no que se refere ao adoecimento populacional. Os efeitos dessa degradação e os impactos que ocorrem na vida do planeta estão entre os grandes desafios enfrentados pela humanidade. No município de Volta Redonda, o Condomínio Volta Grande IV foi construído em terreno doado ao Sindicato dos Metalúrgicos em 1998 pela CSN. Entretanto, até 1999, a CSN depositou resíduos industriais em duas células localizadas no interior da empresa responsável pelo armazenamento e beneficiamento de escória de aciaria, situada em área adjacente ao terreno onde foi erguido o conjunto habitacional. Até o momento foram realizadas algumas inspeções, que detectaram contaminação ambiental. Sabe-se que  metais presentes no meio ambiente também podem afetar negativamente a qualidade do sono. O estudo do sono tem despertado interesse desde a antiguidade. Dessa forma, o objetivo deste estudo é  avaliar os padrões de sono em população exposta a resíduos industriais em condomínio habitacional de Volta Redonda, RJ."
https://suap.iff.edu.br/sisep/projeto/1139/,Nível de Conhecimento e Atitudes Demonstradas Por Portadores de Diabetes Tipo II: Estudo do Perfil dos Idosos Atendidos no IFF Campus Campos Guarús,Pesquisa,14/03/2022,31/12/2022,ENFERMAGEM (CIÊNCIAS DA SAÚDE),Saúde,"O aumento da expectativa de vida do brasileiro é uma conquista que traz consigo alguns desafios, tais como elevação da incidência e da prevalência das doenças crônicas não transmissíveis, entre elas a diabetes mellitus (DM). Sendo assim, este projeto busca identificar o perfil dos idosos portadores de diabetes mellitus tipo II atendidos no IFF Campus Campos Guarús/RJ, segundo suas variáveis clínicas e sócio-demográficas e de acordo com o nível de conhecimento e atitudes apresentados pelos mesmos em relação à doença. Métodos: O projeto será desenvolvido nas dependências do instituto, tendo como público alvo todos os idosos com diagnóstico de diabetes mellitus cadastrados nos projetos Vitalidade e Sistematização da Assistência de Enfermagem em Gerontologia do IFF Campus Campos Guarús. Os dados serão coletados através da aplicação de questionários contendo variáveis sócio demográficas e clínicas, além das versões brasileiras do Diabetes Knowledge Questionnaire (DKN-A) e do Diabetes Attitude Questionnaire (ATT-19). Os dados serão digitados no Excel e posteriormente exportados para o Statistical Package for the Social Sciences (SPSS), onde serão realizadas as análises descritivas das variáveis. Todos os participantes que aceitarem participar da pesquisa deverão ler e assinar o Termo de Consentimento Livre e Esclarecido, conforme a Resolução 466/12 do Conselho Nacional de Saúde. O projeto será submetido ao comitê de ética e pesquisa. Espera-se que esse estudo contribua para o reconhecimento da importância da avaliação do indivíduo com diabetes mellitus no tocante a variáveis biológicas e psicossociais, que podem interferir no manejo da doença pelo indivíduo ou na capacidade da família de colaborar com o cuidado em diabetes."
https://suap.iff.edu.br/sisep/projeto/1289/,Otimização do Problema de Corte Unidimensional via Web,Pesquisa,14/03/2022,31/12/2022,ENGENHARIA DE PRODUÇÃO (ENGENHARIAS),Tecnologia e Produção,"O projeto tem como objeto de estudo um clássico dos Problemas de Corte e Empacotamento e de considerável relevância no âmbito da Pesquisa Operacional, conhecido como Problema de Corte Unidimensional (PCU) (GILMORE; GOMORY, 1961). O PCU possui grande aplicabilidade em diversos setores produtivos que consideram as ações de corte na transformação de materiais em produtos semiacabados ou finais, tais como: construção civil, metal mecânico, moveleiro, entre outros. Sendo o PCU relacionado à classe NPdifícil, isto impõe relativa dificuldade a utilização de métodos exatos para obter solução em instâncias de grande porte do problema. Neste caso, algoritmos heurísticos são utilizados com relativo sucesso e propõe-se implementar algoritmos fundamentados na metodologia Reactive Greedy Randomized Adaptive Search Procedure (GRASP Reativo), combinados com técnica Geração de Colunas, para tratar o PCU (SILVA; VELASCO, 2021). Considerando, também, que uma tendência na área de pesquisa em tecnologia atual é a disponibilização de códigos, instâncias e resultados, de forma a alavancar a replicabilidade da pesquisa, a utilização de algoritmos e resultados pela comunidade científica (BISONG, 2019). Dessa forma, entende-se que os algoritmos projetados e implementados devem estabelecer avanços para o estado da arte, mas também estejam disponíveis para serem replicados, testados e adaptados por outros pesquisadores e desenvolvedores, preferencialmente, de forma online e integrada. Posto isto, além dos testes computacionais em instâncias da literatura e instâncias práticas retiradas de fábricas e do setor da construção civil que são utilizados na avaliação de desempenho dos algoritmos, o projeto considera o escopo de viabilizar um ambiente computacional na internet, de fácil utilização e direcionado a setores produtivos que se defrontam com o PCU na organização planejamento operacional."
https://suap.iff.edu.br/sisep/projeto/1187/,AMBIENTE DE APOIO À EXPLORAÇÃO DE PATENTES,Pesquisa,14/03/2022,31/12/2022,CIÊNCIA DA COMPUTAÇÃO (CIÊNCIAS EXATAS E DA TERRA),Tecnologia e Produção,"Atualmente,  pode-se encontrar uma vasta quantidade de dados publicada na Web, entretanto, vários estudos apontam a falta de ferramentas que proporcionem um ambiente suficiente para tarefas de investigação e exploração de informações. Pode-se citar como exemplo o portal do Instituto Nacional de Propriedade Industrial e o Portal Brasileiro de Dados Abertos que, apesar de publicarem frequente informações sobre patentes, possuem sistemas de busca limitados. Desse modo, o presente projeto propõe a estruturação e a montagem de um  banco de informações de patentes, com acesso público e gratuito, e a adaptação de uma nova ferramenta de apoio à exploração de inovações em patentes. Como resultados dessa pesquisa, o presente projeto propõe a modelagem e implementação de um banco de informações de patentes, a adaptação da ferramenta Xplain e a publicação de um novo sistema de busca e exploração de patentes. A montagem do banco de patentes e a adaptação da ferramenta se dará de forma iterativa e incremental, com avaliações com usuários ao final de cada iteração.
Observação: este projeto requer noções básicas de programação e estrutura de dados.

 "
https://suap.iff.edu.br/sisep/projeto/1218/,AVALIAÇÃO DAS PROPRIEDADES FÍSICAS E MECÂNICAS DOS PRODUTOS DE CERÂMICA VERMELHA DE CAMPOS DOS GOYTACAZES,Pesquisa,14/03/2022,31/12/2022,ENGENHARIA DE MATERIAIS E METALÚRGICA (ENGENHARIAS),Tecnologia e Produção,"No geral, os materiais cerâmicos são divididos em avançados e tradicionais, sendo que dentro deste último tem-se as ""cerâmicas vermelhas"" cuja definição possui um significado amplo, compreendendo aqueles materiais empregados na construção civil (argila expandida, tijolos, blocos, elementos vazados, lajes, telhas e tubos cerâmicos) e alguns de uso doméstico e afins.  Esses produtos, por sua vez, são obtidos em empresas denominadas cerâmicas. A região de Campos dos Goytacazes/RJ é um dos principais polos de produção desses produtos no Brasil. O principal objetivo desse trabalho é avaliar as propriedades físicas e mecânicas dos produtos oriundos das empresas cerâmicas da região.  Para tal serão realizados ensaios de absorção de água, densidade aparente e tensão de ruptura à flexão. Com isso, pretende-se verificar se os produtos estão em conformidade com as normas técnicas e propor melhorias que possam contribuir para a qualidade desses produtos. Para a realização dos ensaios supracitado, este trabalho apoia-se na infraestrutura do Laboratório de Propriedades Mecânicas do IFF-Guarus em colaboração com o  grupo do Professor Carlos Maurício Fontes Vieira do Laboratório de Materiais Avançados da UENF e a cerâmica Sardinha localizada na baixada Campista.  "
https://suap.iff.edu.br/sisep/projeto/1077/,AVALIAÇÃO GERIÁTRICA MULTIDIMENSIONAL (AGA): UMA FERRAMENTA FUNDAMENTAL NA ATENÇÃO À SAÚDE DA PESSOA IDOSA,Pesquisa,14/03/2022,31/12/2022,ENFERMAGEM (CIÊNCIAS DA SAÚDE),Saúde,"Resumo
Introdução: O envelhecimento da sociedade é um fenômeno universal caracterizado pela ampliação da esperança média de vida e redução da taxa de fertilidade. Este processo é permanentemente associado a um aumento da incapacidade, amplificando os custos sociais e de saúde. A Avaliação Geriátrica Multidimensional (AGA) é um processo diagnóstico multidimensional e tem por objetivo determinar as deficiências, incapacidades apresentadas pelo idoso. Objetivo: Avaliar a capacidade funcional e a mobilidade de idosos atendidos no Projeto Vitalidade do Instituto Federal Fluminense e desenvolver um plano de cuidados para a saúde do idoso. Metodologia: trata-se de um estudo quantitativo e transversal, que será desenvolvido no período de março de 2022 a março de 2023 com população de 100 idosos cadastrados no Projeto Vitalidade. Serão incluídos idosos a partir de 60 anos, de ambos os sexos que apresentem risco ou com algum grau de fragilidade. As informações coletadas serão referentes às características sociodemográficas e em seguida, serão utilizados os instrumentos de triagem rápida, capazes de reconhecer o idoso em risco de declínio funcional através da ferramenta Índice de vulnerabilidade Clínico-Funcional (IVCF). Uma vez identificados os idosos de moderado e alto risco clínico-funcional serão utilizados instrumentos padronizados para avaliar os fatores que interferem na saúde do idoso, tais como: equilíbrio, mobilidade e risco a quedas (sinal de Romberg, Get up and go, timed get up and go), capacidade funcional (escala de Katz e índice de Barthel, escala de Lawton), Função cognitiva e condições emocionais (miniexame do estado mental)
Todos os instrumentos serão realizados por meio de agendamento e realizada no ambulatório do Instituto Federal Fluminense e as análises estatísticas consistirão na estatística descritiva, sendo apresentadas as frequências de respostas.
Após aprovação do Comitê de Ética em Pesquisa, os dados serão colhidos por dois bolsistas, devidamente treinados para aplicar os instrumentos de coleta. Os participantes serão convidados a participar da pesquisa e assinar o Termo de Consentimento Livre e Esclarecido (TCLE)."
https://suap.iff.edu.br/sisep/projeto/1006/,Laboratório de Enfermagem: Proposta de Modelo para a otimização da prática de Técnicas de Enfermagem pelos discentes.,Pesquisa,01/09/2021,31/08/2022,ENFERMAGEM (CIÊNCIAS DA SAÚDE),Saúde,"Este projeto tem como objetivo propiciar aos alunos um espaço de construção, desenvolvimento e consolidação de habilidades psicomotoras e práticas do conhecimento em enfermagem, através de visão crítica e construtiva, múltiplas vivências relacionadas à sua área de formação e do treinamento continuado das atividades do cuidado e técnicas em enfermagem. Trata-se de um projeto de pesquisa na modalidade ICJ/CNPq que se propõe a reorganizar e otimizar a utilização do Laboratório de Fundamentos de Enfermagem pelos alunos do Curso Técnico em Enfermagem do IFF Campos campus Guarus, possibilitando a sedimentação dos conteúdos teóricos e práticos do cuidado em enfermagem, contribuindo assim para a formação de Técnicos em Enfermagem éticos, mais humanizados e  bem preparados tecnicamente e seguros de suas ações, o que se refletirá na melhoria qualidade da assistência prestada a população."
https://suap.iff.edu.br/sisep/projeto/992/,Influência da sujidade na eficiência dos módulos fotovoltaicos,Pesquisa,01/09/2021,31/08/2022,ENGENHARIA ELÉTRICA (ENGENHARIAS),Tecnologia e Produção,"Com o crescimento da energia solar fotovoltaica (ESFV) e, em geral, a ideia equivocada que esses sistemas não necessitem de manutenção. Entretanto, a sujidade dos módulos fotovoltaicos (MFVs) por meio da poluição atmosférica impacta negativamente no desempenho dos sistemas fotovoltaicos. Desta forma, o objetivo do estudo é avaliar a relação existente entre a sujidade por meio da poluição atmosférica e o desempenho dos MFVs instalados no Instituto Federal Fluminense (IFF) campus Campos-Guarus localizado no município de Campos dos Goytacazes/ RJ. Para isso, a metodologia será dividida em três etapas distintas. Na primeira etapa será realizada pesquisa experimental com dois módulos fotovoltaicos idênticos e colocados sob as mesmas condições de operação, porém um módulo será limpo periodicamente e ou continuará “sujo”. Nessas condições, serão realizados testes elétricos nos MFVs a fim de verificar a taxa de sujidade. Além disso, A outra etapa do projeto buscará identificar e quantificar a composição do material depositado sobre os MFVs a ser determinada por espectroscopia de fluorescência de raios-X por dispersão de energia. Por fim,  o trabalho irá determinar a periodicidade de manutenção preventiva (limpeza) para o sistema de geração distribuída (GD) por ESFV do IFF campus Campos-Guarus. Assim, espera-se que a pesquisa  consiga obter a diferença percentual na potência elétrica dos MFVs com a sujidade, a taxa de sujidade para o futuro sistema de GD de 55,44kWp em instalação no Bloco G do campus Campos-Guarus e identificar o conjunto de elementos químicos e materiais particulados (MP) depositados sobre os MFVs."
https://suap.iff.edu.br/sisep/projeto/997/,Sistematização da Assistência de Enfermagem em Gerontologia: Proposta de Atenção à Saúde do Idoso no Instituto Federal Fluminense.,Pesquisa,01/09/2021,31/08/2022,"O crescimento da população idosa é um fenômeno mundial e no Brasil, vem ocorrendo de forma acelerada, produzindo transformações em todas as esferas da sociedade, o que tem conduzido instâncias governamentais a estimularem o desenvolvimento de pesquisas em diversas temáticas dentro do contexto do envelhecimento. O presente projeto tem como objetivo geral: Implantar um modelo organizado e sistematizado de assistência de enfermagem voltado ao atendimento dos idosos cadastrados no Programa Vitalidade do IFF Campus Campos Guarús. Métodos: O projeto deverá ser desenvolvido nas dependências do instituto, tendo como público alvo todos os idosos cadastrados no Projeto Vitalidade, aos quais será oferecido atendimento individual uma vez na semana, gerando o preenchimento de um instrumento específico denominado: Ficha de Saúde do Idoso. Dentre os resultados esperados, destacam-se ações de promoção a saúde individual e coletiva dos idosos, incentivo aos discentes bolsistas à produção científica e colaboração com a proposta de integração do IFF à sociedade, para que a instituição continue transformando positivamente o meio social onde está inserida.",,
https://suap.iff.edu.br/sisep/projeto/997/,Sistematização da Assistência de Enfermagem em Gerontologia: Proposta de Atenção à Saúde do Idoso no Instituto Federal Fluminense.,Pesquisa,01/09/2021,31/08/2022,"O crescimento da população idosa é um fenômeno mundial e no Brasil, vem ocorrendo de forma acelerada, produzindo transformações em todas as esferas da sociedade, o que tem conduzido instâncias governamentais a estimularem o desenvolvimento de pesquisas em diversas temáticas dentro do contexto do envelhecimento. O presente projeto tem como objetivo geral: Implantar um modelo organizado e sistematizado de assistência de enfermagem voltado ao atendimento dos idosos cadastrados no Programa Vitalidade do IFF Campus Campos Guarús. Métodos: O projeto deverá ser desenvolvido nas dependências do instituto, tendo como público alvo todos os idosos cadastrados no Projeto Vitalidade, aos quais será oferecido atendimento individual uma vez na semana, gerando o preenchimento de um instrumento específico denominado: Ficha de Saúde do Idoso. Dentre os resultados esperados, destacam-se ações de promoção a saúde individual e coletiva dos idosos, incentivo aos discentes bolsistas à produção científica e colaboração com a proposta de integração do IFF à sociedade, para que a instituição continue transformando positivamente o meio social onde está inserida.",,
https://suap.iff.edu.br/sisep/projeto/1006/,Laboratório de Enfermagem: Proposta de Modelo para a otimização da prática de Técnicas de Enfermagem pelos discentes.,Pesquisa,01/09/2021,31/08/2022,ENFERMAGEM (CIÊNCIAS DA SAÚDE),Saúde,"Este projeto tem como objetivo propiciar aos alunos um espaço de construção, desenvolvimento e consolidação de habilidades psicomotoras e práticas do conhecimento em enfermagem, através de visão crítica e construtiva, múltiplas vivências relacionadas à sua área de formação e do treinamento continuado das atividades do cuidado e técnicas em enfermagem. Trata-se de um projeto de pesquisa na modalidade ICJ/CNPq que se propõe a reorganizar e otimizar a utilização do Laboratório de Fundamentos de Enfermagem pelos alunos do Curso Técnico em Enfermagem do IFF Campos campus Guarus, possibilitando a sedimentação dos conteúdos teóricos e práticos do cuidado em enfermagem, contribuindo assim para a formação de Técnicos em Enfermagem éticos, mais humanizados e  bem preparados tecnicamente e seguros de suas ações, o que se refletirá na melhoria qualidade da assistência prestada a população."
https://suap.iff.edu.br/sisep/projeto/992/,Influência da sujidade na eficiência dos módulos fotovoltaicos,Pesquisa,01/09/2021,31/08/2022,ENGENHARIA ELÉTRICA (ENGENHARIAS),Tecnologia e Produção,"Com o crescimento da energia solar fotovoltaica (ESFV) e, em geral, a ideia equivocada que esses sistemas não necessitem de manutenção. Entretanto, a sujidade dos módulos fotovoltaicos (MFVs) por meio da poluição atmosférica impacta negativamente no desempenho dos sistemas fotovoltaicos. Desta forma, o objetivo do estudo é avaliar a relação existente entre a sujidade por meio da poluição atmosférica e o desempenho dos MFVs instalados no Instituto Federal Fluminense (IFF) campus Campos-Guarus localizado no município de Campos dos Goytacazes/ RJ. Para isso, a metodologia será dividida em três etapas distintas. Na primeira etapa será realizada pesquisa experimental com dois módulos fotovoltaicos idênticos e colocados sob as mesmas condições de operação, porém um módulo será limpo periodicamente e ou continuará “sujo”. Nessas condições, serão realizados testes elétricos nos MFVs a fim de verificar a taxa de sujidade. Além disso, A outra etapa do projeto buscará identificar e quantificar a composição do material depositado sobre os MFVs a ser determinada por espectroscopia de fluorescência de raios-X por dispersão de energia. Por fim,  o trabalho irá determinar a periodicidade de manutenção preventiva (limpeza) para o sistema de geração distribuída (GD) por ESFV do IFF campus Campos-Guarus. Assim, espera-se que a pesquisa  consiga obter a diferença percentual na potência elétrica dos MFVs com a sujidade, a taxa de sujidade para o futuro sistema de GD de 55,44kWp em instalação no Bloco G do campus Campos-Guarus e identificar o conjunto de elementos químicos e materiais particulados (MP) depositados sobre os MFVs."
https://suap.iff.edu.br/sisep/projeto/934/,Ambiente de Exploração de Informação na Web Semântica,Pesquisa,14/05/2021,31/12/2021,CIÊNCIA DA COMPUTAÇÃO (CIÊNCIAS EXATAS E DA TERRA),Tecnologia e Produção,"A alta disponibilidade e diversidade da informação na Web trazem tanto oportunidades quanto desafios. Se por um lado, nunca foi tão fácil obter acesso à informação, por outro lado, ainda não possuímos ferramentas que forneçam um suporte satisfatório às tarefas de exploração em diversas áreas de conhecimento. Um exemplo expressivo encontra-se na área de  publicações acadêmicas, onde, uma massiva quantidade de dados é disponibilizada por diversas organizações, porém, a falta de uma ferramenta de exploração com visualizações interativas que suportem a filtragem, interpretação, análise e compreensão dessa informação acaba deixando-a fora de uso no seu pleno potencial. Com o objetivo de preencher essa lacuna, foi proposto em (NUNES, 2017) um modelo formal de exploração e a ferramenta Xplain que fornece um conjunto de operações mais amplo quando comparada às ferramentas do estado-da-arte. Nesse contexto, dando continuidade a pesquisa realizada em (NUNES, 2017), o presente projeto propõe o desenvolvimento de novas visualizações interativas para a ferramenta Xplain que deem suporte adequado às tarefas de busca e exploração de dados acadêmicos. A implementação das visualizações se dará de forma iterativa e incremental, com avaliações com usuários ao final de cada iteração. Como resultados dessa pesquisa, o presente projeto propõe a implementação de uma nova interface com visualizações para exploração de dados de publicações acadêmicas e estudos com usuários a fim de validar, tanto a utilidade das visualizações na descoberta de informação acadêmica, quanto a adequação do modelo de exploração subjacente."
https://suap.iff.edu.br/sisep/projeto/945/,Análise do perfil de egressos do curso de bacharelado em Engenharia Ambiental do Instituto Federal Fluminense campus Campos Guarus.,Pesquisa,14/05/2021,31/12/2021,ENSINO (MULTIDISCIPLINAR),Educação,"A realização do acompanhamento dos egressos da IES é de fundamental importância para seu desenvolvimento estratégico, pois revela suas potencialidades e limitações, sendo assim possível aprimorar a estrutura político-pedagógica e a gestão da instituição, fortalecer a missão institucional e melhorar a qualidade dos serviços ofertados. O presente projeto tem como objetivo a realização da pesquisa de egressos do curso de Engenharia Ambiental do Instituto Federal Fluminense Campus Campos Guarus e a montagem de um repositório unificado de informações, de forma a viabilizar análises e levantamentos sobre a relação dos egressos com o mundo do trabalho e com a sociedade."
https://suap.iff.edu.br/sisep/projeto/950/,Otimização do Problema de Corte Unidimensional via Web,Pesquisa,14/05/2021,31/12/2021,ENGENHARIA DE PRODUÇÃO (ENGENHARIAS),Tecnologia e Produção,"O projeto tem como objeto de estudo um clássico dos Problemas de Corte e Empacotamento e de considerável relevância no âmbito da Pesquisa Operacional, conhecido como Problema de Corte Unidimensional (PCU) (GILMORE; GOMORY, 1961). O PCU possuem grande aplicabilidade em diversos setores produtivos que consideram as ações de corte na transformação de materiais em produtos semiacabados ou finais, tais como: construção civil, metal mecânico, moveleiro, entre outros. Sendo o PCU relacionado à classe NPdifícil, isto impõe relativa dificuldade a utilização de métodos exatos para obter solução em instâncias de grande porte do problema. Neste caso, algoritmos heurísticos são utilizados com relativo sucesso e propõe-se implementar algoritmos fundamentados na metodologia Reactive Greedy Randomized Adaptive Search Procedure (GRASP Reativo) para tratar o PCU (VIEIRA NETO et al.,2010). Considerando, também, que uma tendência na área de pesquisa em tecnologia atual é a disponibilização de códigos, instâncias e resultados, de forma a alavancar a replicabilidade da pesquisa, a utilização de algoritmos e resultados pela comunidade científica (BISONG, 2019). Dessa forma, entende-se que os algoritmos projetados e implementados devem estabelecer avanços para o estado-da-arte, mas também estejam disponíveis para serem replicados, testados e adaptados por outros pesquisadores e desenvolvedores, preferencialmente, de forma online e integrada. Posto isto, além dos testes computacionais em instâncias da literatura e instâncias práticas retiradas de fábricas e do setor da construção civil que são utilizados na avaliação de desempenho dos algoritmos, o projeto considera o escopo de viabilizar um ambiente computacional na internet, de fácil utilização e direcionado a setores produtivos que se defrontam com o PCU na organização planejamento operacional."
https://suap.iff.edu.br/sisep/projeto/950/,Otimização do Problema de Corte Unidimensional via Web,Pesquisa,14/05/2021,31/12/2021,ENGENHARIA DE PRODUÇÃO (ENGENHARIAS),Tecnologia e Produção,"O projeto tem como objeto de estudo um clássico dos Problemas de Corte e Empacotamento e de considerável relevância no âmbito da Pesquisa Operacional, conhecido como Problema de Corte Unidimensional (PCU) (GILMORE; GOMORY, 1961). O PCU possuem grande aplicabilidade em diversos setores produtivos que consideram as ações de corte na transformação de materiais em produtos semiacabados ou finais, tais como: construção civil, metal mecânico, moveleiro, entre outros. Sendo o PCU relacionado à classe NPdifícil, isto impõe relativa dificuldade a utilização de métodos exatos para obter solução em instâncias de grande porte do problema. Neste caso, algoritmos heurísticos são utilizados com relativo sucesso e propõe-se implementar algoritmos fundamentados na metodologia Reactive Greedy Randomized Adaptive Search Procedure (GRASP Reativo) para tratar o PCU (VIEIRA NETO et al.,2010). Considerando, também, que uma tendência na área de pesquisa em tecnologia atual é a disponibilização de códigos, instâncias e resultados, de forma a alavancar a replicabilidade da pesquisa, a utilização de algoritmos e resultados pela comunidade científica (BISONG, 2019). Dessa forma, entende-se que os algoritmos projetados e implementados devem estabelecer avanços para o estado-da-arte, mas também estejam disponíveis para serem replicados, testados e adaptados por outros pesquisadores e desenvolvedores, preferencialmente, de forma online e integrada. Posto isto, além dos testes computacionais em instâncias da literatura e instâncias práticas retiradas de fábricas e do setor da construção civil que são utilizados na avaliação de desempenho dos algoritmos, o projeto considera o escopo de viabilizar um ambiente computacional na internet, de fácil utilização e direcionado a setores produtivos que se defrontam com o PCU na organização planejamento operacional."
https://suap.iff.edu.br/sisep/projeto/714/,Movi Mente: Saúde e Inclusão em foco,Extensão,01/04/2021,31/12/2021,EDUCAÇÃO (CIÊNCIAS HUMANAS),Saúde,"Este trabalho apresenta uma proposta de intervenção junto a crianças e adolescentes com transtornos mentais atendidos pelo Centro de Atenção Psicossocial (CAPSi). O objetivo principal é desenvolver vivências da cultura corporal através de jogos e brincadeiras em conjunto com os usuários do CAPSi, visando o interesse pelas práticas corporais e estímulos ao aprendizado de forma interdisciplinar. A coordenação do projeto junto com os licenciandos do curso de Educação Física organizará oficinas recreativas no decorrer de maio a novembro/2021, priorizando o desenvolvimento cognitivo, afetivo e motor dos participantes interessados, bem como buscar-se-á promover a inclusão através da ludicidade. Espera-se que esta oportunidade do projeto possa estimular as vivências da cultura corporal com regularidade, minimizar o comportamento sedentário, apresentar conhecimentos e benefícios da atividade física, além de tentar criar um sentimento de acolhida, vínculo e bem-estar entre os discentes de Educação Física, as crianças e adolescentes que frequentam o CAPSi e os profissionais da instituição. Estima-se momentos de aprendizado pessoal e profissional entre os envolvidos, tomando como referência a perspectiva de inclusão, tolerância e respeito no envolvimento semanal com as crianças e adolescentes participantes, buscando reconhecer e potencializar suas capacidades."
https://suap.iff.edu.br/sisep/projeto/825/,Projeto Zara,Extensão,01/04/2021,31/12/2021,EDUCAÇÃO (CIÊNCIAS HUMANAS),Meio Ambiente,"O projeto Zara é um projeto de extensão que visa integrar educação ambiental, a produção de alimentos orgânicos promovendo a conscientização a cerca da sustentabilidade e possibilitando a construção de um espaço para convivência, que possibilite o bem-estar e a troca de conhecimentos entre terceirizados, servidores, estudantes e membros das comunidades externas."
https://suap.iff.edu.br/sisep/projeto/741/,Projeto Vitalidade,Extensão,01/04/2021,31/12/2021,SAÚDE COLETIVA (CIÊNCIAS DA SAÚDE),Saúde,"  O envelhecimento da população observado nas últimas décadas, e com previsão de crescimento para os próximos anos, demanda ações de saúde preventiva e de melhoria de qualidade de vida dos idosos. Nesse contexto, o IFF campus Campos Guarus recebe semanalmente, desde 2010, os idosos cadastrados no Projeto Vitalidade, visando melhorar a capacidade funcional, a autonomia e a inserção social dos participantes, além de promover a integração campus/ comunidade e propiciar projetos de pesquisa. Os idosos cadastrados são acolhidos por alunos do Técnico em Enfermagem, que realizam aferição de pressão arterial, assistem a palestras ou participam de oficinas em diversas áreas do conhecimento e realizam atividades físico-recreativas, sob supervisão da professora de Educação Física e estagiários do curso de Educação Física do IFF campus Campos Centro. Durante o período de pandemia, os encontros semanais continuam acontecendo de forma remota e, desse modo, atuam de forma valiosa como paliativo para os efeitos adversos do isolamento social, contribuindo para a saúde e o bem-estar da população idosa. Assim, o projeto auxilia na melhoria da qualidade de vida dos idosos e se apresenta como excelente local de aprendizagem, pesquisa e interação entre o IFF e a comunidade externa."
https://suap.iff.edu.br/sisep/projeto/791/,Projeto Toca Guarus: ensino de instrumentos musicais e prática instrumental coletiva.,Extensão,01/04/2021,31/12/2021,"ARTES (LINGUÍSTICA, LETRAS E ARTES)",Cultura,"O projeto visa desenvolver atividades de ensino e execução musical em grupo envolvendo instrumentos como Flauta, Violino, Violão e Teclado, proporcionando o contato com a pedagogia de instrumentos musicais e a dinâmica da formação e atuação em grupos musicais. Prevê também a realização de aulas e ensaios semanais (aproveitando a estrutura existente no campus de salas já equipadas com instrumentos como teclados e violões), nos quais são estudados aspectos técnicos da execução dos instrumentos e da metodologia de ensino coletivo de instrumentos musicais, e apresentações em público. O projeto é direcionado à comunidade local e tem interação direta com o curso de Licenciatura em Música. O projeto se constitui um espaço de democratização do acesso a bens culturais, a aprendizagem musical e a inclusão de pessoas desprovidas de melhores condições sociais em grupos musicais antes inacessíveis, assim como a curricularização da extensão para os estudantes do Curso de Licenciatura em Música."
https://suap.iff.edu.br/sisep/projeto/846/,Educação Patrimonial no Centro de Memória do Campus Campos-Guarus,Centro de Memória,01/04/2021,31/12/2021,INTERDISCIPLINAR (MULTIDISCIPLINAR),Cultura,"A proposta visa à implementação de ações de Educação Patrimonial do Centro de Memória do Campus Campos-Guarus através do desenvolvimento de ações extensionistas relacionadas ao patrimônio cultural e histórico da cidade de Campos dos Goytacazes e da Região Norte e Noroeste Fluminense.
  A partir da mobilização de docentes, técnicos e estudantes potencialmente relacionados às áreas de Licenciatura em Geografia, Licenciatura em Música, Engenharia Ambiental, Arquitetura e Urbanismo, Sistemas de Informação e Design Gráfico e cursos Técnicos Integrados ao Ensino Médio, as atividades se desenvolvem em dois núcleos:
(1) apropriação significativa do patrimônio cultural e histórico das Regiões Norte e Noroeste e
(2) experiências educativas com repositórios arquivísticos digitais e físicos.
  As principais ações propostas são: visitações; oficinas; ciclo de palestras e seminários; digitalização de documentos e criação de repositório arquivístico; produção de material didático. As ações estão pautadas pela abordagem interdisciplinar que articula a concepção de educação patrimonial como um processo de mediação que supere à visão ""monumentalizadora"" do patrimônio cultural, reconhecendo-o como um campo de conflito e buscando a inserção significativa dos bens culturais nos espaços de vida das pessoas e dos grupos de pertencimento social. Por um lado, objetiva-se a valorização da referência ao território como espaço educativo e, por outro, a promoção do patrimônio cultural no âmbito da educação formal.
  O público participante pretendido será, preferencialmente: estudantes e educadores da rede pública de educação básica; estudantes de cursos de licenciatura de ciências humanas e sociais."
https://suap.iff.edu.br/sisep/projeto/699/,Conjunto de Música Popular Instrumental Criativa e Autoral da Licenciatura em Música do IFF/Guarus,Projeto Cultural,01/04/2021,31/12/2021,"ARTES (LINGUÍSTICA, LETRAS E ARTES)",Cultura,"            O presente projeto visa dar sequencia a um Conjunto de Música Popular Instrumental Criativa e Autoral, formado por um professor e seis alunos voluntários instrumentistas especialistas em seus instrumentos. Buscando interpretar um repertório principalmente autoral dos professores e alunos da comunidade acadêmica, e também de membros da comunidade circundante, mediante o projeto de Concursos de Composição, o presente projeto tem como objetivo principal desenvolver e fomentar a criação artístico-musical no curso, campus e região. Como objetivo secundário, pretendemos igualmente divulgar o trabalho realizado dentro da Licenciatura em Música do Instituto Federal Fluminense, através de vídeos e áudios lançados na internet."
https://suap.iff.edu.br/sisep/projeto/772/,A música indígena nos arredores da cidade de Campos dos Goytacazes e seu ensino,Pesquisa,15/03/2021,31/12/2021,"ARTES (LINGUÍSTICA, LETRAS E ARTES)",Cultura,"O presente projeto propõe a pesquisa à arte, cultura e música indígena nas cercanias da cidade de Campos dos Goytacazes, objetivando na sequencia a criação de material didático para o ensino de tais manifestações no Ensino Básico Brasileiro e ajudando assim a cumprir as determinações da lei 11645 de 10 de março de 2008 e do parágrafo segundo do artigo 26 da Lei de Diretrizes e Bases da Educação Nacional (LDB)."
https://suap.iff.edu.br/sisep/projeto/772/,A música indígena nos arredores da cidade de Campos dos Goytacazes e seu ensino,Pesquisa,15/03/2021,31/12/2021,"ARTES (LINGUÍSTICA, LETRAS E ARTES)",Cultura,"O presente projeto propõe a pesquisa à arte, cultura e música indígena nas cercanias da cidade de Campos dos Goytacazes, objetivando na sequencia a criação de material didático para o ensino de tais manifestações no Ensino Básico Brasileiro e ajudando assim a cumprir as determinações da lei 11645 de 10 de março de 2008 e do parágrafo segundo do artigo 26 da Lei de Diretrizes e Bases da Educação Nacional (LDB)."
https://suap.iff.edu.br/sisep/projeto/896/,Desenvolvimento de algoritmos para Problemas de Corte,Pesquisa,15/03/2021,31/12/2021,ENGENHARIA DE PRODUÇÃO (ENGENHARIAS),Tecnologia e Produção,"O presente trabalho de pesquisa aborda duas variantes clássicas dos Problemas de Corte e Empacotamento e de grande importância na área de Pesquisa Operacional, que são conhecidas como Problema de Corte Unidimensional (PCU) e Problema de Corte Bidimensional (PCB). O Problema de Corte é encontrado em diversos setores produtivos que consideram as ações de corte na transformação de materiais em produtos semiacabados ou finais, tais como: construção civil, metal mecânica, cartonagem, entre outros. Como proposta para resolver os problemas em destaque, deseja-se produzir algoritmos que são baseados na reconhecida técnica Geração de Colunas em conjunto com métodos heurísticos (GILMORE; GOMORY, 1961). A primeira fase dos algoritmos constitui-se de uma Geração de Colunas, em que o subproblema é relaxado de forma a permitir padrões de corte unidimensionais ou bidimensionais, possivelmente, possuindo mais cópias de certo item do que realmente é demandado. Os subproblemas têm como solução padrões de corte e podem ser resolvidos por algoritmos heurísticos ou híbridos. Ao final desta fase, as soluções da Geração de Colunas são arredondadas para baixo, atendendo a uma parte da demanda. Caso a solução da fase anterior não seja inteira, na segunda fase determina-se demanda residual que também deve ser atendida pela aplicação sucessiva dos algoritmos utilizados na resolução do subproblema, com o objetivo de compor uma solução inteira para o PCU. Sabendo que o PCU pertence à classe NPdifícil e isto acarreta na intratabilidade via métodos exatos para instâncias de grande porte do PCU, o algoritmo GRASP-1D (VIEIRA NETO et al., 2010), fundamentado na metodologia metaheurísticaGreedy Randomized Adaptive Search Procedure (GRASP), vem sendo aplicado com relativo sucesso e a sua utilização é de grande importância na garantia de obter boas soluções. De forma análoga, destacamos o algoritmo X para o PCB (VELASCO; UCHOA, 2019). Os testes computacionais em instâncias da literatura e, também, em instâncias práticas retiradas de fábricas ou de obras da construção civil localizadas no município de Campos dos Goytacazes são utilizados na avaliação de desempenho dos algoritmos. É importante ressaltar que, além de gerar artigo científico, pretende-se apresentar como produto final deste trabalho, um ambiente computacional de fácil utilização e direcionado a setores produtivos que se defrontam com o PCU ou o PCB na organização do respectivo planejamento operacional."
https://suap.iff.edu.br/sisep/projeto/896/,Desenvolvimento de algoritmos para Problemas de Corte,Pesquisa,15/03/2021,31/12/2021,ENGENHARIA DE PRODUÇÃO (ENGENHARIAS),Tecnologia e Produção,"O presente trabalho de pesquisa aborda duas variantes clássicas dos Problemas de Corte e Empacotamento e de grande importância na área de Pesquisa Operacional, que são conhecidas como Problema de Corte Unidimensional (PCU) e Problema de Corte Bidimensional (PCB). O Problema de Corte é encontrado em diversos setores produtivos que consideram as ações de corte na transformação de materiais em produtos semiacabados ou finais, tais como: construção civil, metal mecânica, cartonagem, entre outros. Como proposta para resolver os problemas em destaque, deseja-se produzir algoritmos que são baseados na reconhecida técnica Geração de Colunas em conjunto com métodos heurísticos (GILMORE; GOMORY, 1961). A primeira fase dos algoritmos constitui-se de uma Geração de Colunas, em que o subproblema é relaxado de forma a permitir padrões de corte unidimensionais ou bidimensionais, possivelmente, possuindo mais cópias de certo item do que realmente é demandado. Os subproblemas têm como solução padrões de corte e podem ser resolvidos por algoritmos heurísticos ou híbridos. Ao final desta fase, as soluções da Geração de Colunas são arredondadas para baixo, atendendo a uma parte da demanda. Caso a solução da fase anterior não seja inteira, na segunda fase determina-se demanda residual que também deve ser atendida pela aplicação sucessiva dos algoritmos utilizados na resolução do subproblema, com o objetivo de compor uma solução inteira para o PCU. Sabendo que o PCU pertence à classe NPdifícil e isto acarreta na intratabilidade via métodos exatos para instâncias de grande porte do PCU, o algoritmo GRASP-1D (VIEIRA NETO et al., 2010), fundamentado na metodologia metaheurísticaGreedy Randomized Adaptive Search Procedure (GRASP), vem sendo aplicado com relativo sucesso e a sua utilização é de grande importância na garantia de obter boas soluções. De forma análoga, destacamos o algoritmo X para o PCB (VELASCO; UCHOA, 2019). Os testes computacionais em instâncias da literatura e, também, em instâncias práticas retiradas de fábricas ou de obras da construção civil localizadas no município de Campos dos Goytacazes são utilizados na avaliação de desempenho dos algoritmos. É importante ressaltar que, além de gerar artigo científico, pretende-se apresentar como produto final deste trabalho, um ambiente computacional de fácil utilização e direcionado a setores produtivos que se defrontam com o PCU ou o PCB na organização do respectivo planejamento operacional."
https://suap.iff.edu.br/sisep/projeto/827/,Análise de Eficiência Energética no Instituto Federal Fluminense campus Guarus utilizando o Software EnergyPlus,Pesquisa,15/03/2021,31/12/2021,ENGENHARIA ELÉTRICA (ENGENHARIAS),Tecnologia e Produção,"Nos últimos anos houve uma crescente redução orçamentária de verbas destinadas a custeios e investimentos nos Institutos Federais de Educação, Ciência e Tecnologia. Por outro lado, a oferta de novos cursos por essas instituições promove o aumento de despesas imprescindíveis como faturas de água, energia elétrica e limpeza, o que evidencia o desbalanceamento entre a oferta e demanda de recursos destinados a estas instituições. Nesse contexto, a eficiência energética tem se mostrado como uma estratégia eficaz para o gerenciamento da energia elétrica e redução dos custos relacionados ao seu consumo. Além disso, a utilização de softwares computacionais é amplamente utilizada para o diagnóstico energético das edificações, permitindo a análise de desempenho de medidas de eficiência sem de fato implementá-las. Isto posto, este projeto tem como objetivo realizar uma simulação energética do Bloco D do Instituto Federal Fluminense campus Guarus, utilizando o software EnergyPlus. A metodologia utilizada baseia-se na realização de uma maquete em 3D do bloco em estudo para posterior análise de desempenho de medidas de eficiência energética (substituição do sistema de iluminação e condicionamento de ar por outros mais eficientes, implementação de películas de controle solar nos vidros e alterações construtivas na edificação). Espera-se como resultado desta pesquisa a elucidação das soluções com melhor viabilidade econômica de execução na edificação em estudo. "
https://suap.iff.edu.br/sisep/projeto/827/,Análise de Eficiência Energética no Instituto Federal Fluminense campus Guarus utilizando o Software EnergyPlus,Pesquisa,15/03/2021,31/12/2021,ENGENHARIA ELÉTRICA (ENGENHARIAS),Tecnologia e Produção,"Nos últimos anos houve uma crescente redução orçamentária de verbas destinadas a custeios e investimentos nos Institutos Federais de Educação, Ciência e Tecnologia. Por outro lado, a oferta de novos cursos por essas instituições promove o aumento de despesas imprescindíveis como faturas de água, energia elétrica e limpeza, o que evidencia o desbalanceamento entre a oferta e demanda de recursos destinados a estas instituições. Nesse contexto, a eficiência energética tem se mostrado como uma estratégia eficaz para o gerenciamento da energia elétrica e redução dos custos relacionados ao seu consumo. Além disso, a utilização de softwares computacionais é amplamente utilizada para o diagnóstico energético das edificações, permitindo a análise de desempenho de medidas de eficiência sem de fato implementá-las. Isto posto, este projeto tem como objetivo realizar uma simulação energética do Bloco D do Instituto Federal Fluminense campus Guarus, utilizando o software EnergyPlus. A metodologia utilizada baseia-se na realização de uma maquete em 3D do bloco em estudo para posterior análise de desempenho de medidas de eficiência energética (substituição do sistema de iluminação e condicionamento de ar por outros mais eficientes, implementação de películas de controle solar nos vidros e alterações construtivas na edificação). Espera-se como resultado desta pesquisa a elucidação das soluções com melhor viabilidade econômica de execução na edificação em estudo. "
https://suap.iff.edu.br/sisep/projeto/665/,“DIAGNÓSTICO AMBIENTAL DE NASCENTES EM AFLUENTES DO RIO MURIAÉ”,Pesquisa,15/03/2021,31/12/2021,RECURSOS FLORESTAIS E ENGENHARIA FLORESTAL (CIÊNCIAS AGRÁRIAS),Meio Ambiente,"O presente projeto se aterá ao diagnóstico ambiental de nascentes degradadas situadas no entorno da foz do rio Muriaé, notadamente as que contribuem para o aporte hídrico  microbacias, considerando que processam, em condições de preservação e florestamento, significativos volumes de água de chuva recebidos anualmente.
A região de abrangência do projeto englobará o entorno norte e noroeste da sede municipal de Campos dos Goytacazes R.J. - 15 km da porção terminal do rio Muriaé.
A coleta de dados de campos servirá de base técnica para a implementação de projetos executivos voltados à restauração de matas nativas na região.
A metodologia a ser empregada envolverá uma série de levantamentos de campo no âmbito físico, químico e biológico. O tratamento das informações obtidas nos indicará qual será o caminho a ser trilhado com vistas à recomposição dos ecossistemas florestais nativos e das fisionomias de origem das nascentes estudadas."
https://suap.iff.edu.br/sisep/projeto/665/,“DIAGNÓSTICO AMBIENTAL DE NASCENTES EM AFLUENTES DO RIO MURIAÉ”,Pesquisa,15/03/2021,31/12/2021,RECURSOS FLORESTAIS E ENGENHARIA FLORESTAL (CIÊNCIAS AGRÁRIAS),Meio Ambiente,"O presente projeto se aterá ao diagnóstico ambiental de nascentes degradadas situadas no entorno da foz do rio Muriaé, notadamente as que contribuem para o aporte hídrico  microbacias, considerando que processam, em condições de preservação e florestamento, significativos volumes de água de chuva recebidos anualmente.
A região de abrangência do projeto englobará o entorno norte e noroeste da sede municipal de Campos dos Goytacazes R.J. - 15 km da porção terminal do rio Muriaé.
A coleta de dados de campos servirá de base técnica para a implementação de projetos executivos voltados à restauração de matas nativas na região.
A metodologia a ser empregada envolverá uma série de levantamentos de campo no âmbito físico, químico e biológico. O tratamento das informações obtidas nos indicará qual será o caminho a ser trilhado com vistas à recomposição dos ecossistemas florestais nativos e das fisionomias de origem das nascentes estudadas."
https://suap.iff.edu.br/sisep/projeto/457/,Rádio IFF Educativa,Arte e Cultura,04/05/2020,04/09/2020,COMUNICAÇÃO (CIÊNCIAS SOCIAIS APLICADAS),Comunicação,"             Rádio IFF Educativa é um projeto que se desenvolve dentro de um ambiente escolar, isso se dá dentro do Instituto Federal Fluminense, exatamente no Campus Campos-Guarus.  Esse projeto tem sido desenvolvido envolvendo alunos do ensino médio e alunos da Licenciatura.  Porém, a adequação desse projeto nesse período de pandemia se dará a partir das ferramentas disponíveis no formato Homework, fornecendo assim domiciliarmente toda condição e aparato tecnológico para o justo funcionamento da plataforma digital streaming de Rádio Web.  
            A sua configuração Educativa e em conexão com as redes sociais, provê para o ouvinte toda inteiração e aprendizado e entretenimento, e abraça também os professores e profissionais da região lhes dando condições e oportunidades de apresentarem suas contribuições via palestras, Aulas virtuais (AulaCast), e disponibilizando esse conteúdo em posterior via redes sociais (YouTube).  Uma excelente oportunidade que se apresenta como uma das ferramentas visando contribuir com a sociedade nesses dias tão desafiadores."
https://suap.iff.edu.br/sisep/projeto/505/,Sistema Automatizado de Monitoramento Térmico dos transeuntes nas dependências do IFF-Campus Guarus,Integração Pesquisa-Extensão,04/05/2020,04/09/2020,ENGENHARIA ELÉTRICA (ENGENHARIAS),Saúde,"A redução de aceleração do contágio de uma pandemia  e morte ocasionada por esta, ocorre quando mais de 50% da população foi infectada. Estima-se que a fase aguda de contaminação por SARS-CoV-2 (COVID-19) ocorrerá por volta do dia 20/05/2020, contudo, a possibilidade de contaminação e suas consequências ainda serão vividas pela sociedade brasileira. Escolas fazem parte do grupo específico de aglomeradores por natureza; Faz-se necessária a implantação de sistema que possibilite a monitoração massiva dos transeuntes desse ambiente e detecção de indivíduos portadores de sintomas que indiquem o contágio por SARS-CoV-2 (COVID-19). O presente projeto sugere a utilização do sistema de visão automatizado da National instruments (NI Vision), com elementos de monitoração (Câmeras inteligentes e/ou termográficas) montados no espaço de entrada de pedestres e ciclistas, no espaço de localização do registro de ponto biométrico e alguns outros pontos estratégicos das dependências do IFF campus Campos Guarus. Os dados são tratados pela plataforma de algoritmos dedicada Labview®, embarcada em computador de uso exclusivo, sendo ligado a rede interna do IFF Guarus para integração de vários setores. Na ocorrência de eventos, os indivíduos são identificados, através de alarme na central de monitoramento e devidamente encaminhados ao setor de saúde para procedimento de triagem específica e adequados encaminhamentos. Espera-se monitorar, diariamente, 100% dos transeuntes nas dependências do IFF campus Campos Guarus, contribuindo com isso para controle da capacidade de contaminação dentro do espeço da instituição, reduzindo-a consideravelmente."
